skill_id,skill_name,class,role,wire,hit_volume,server_range,skill_txt_range,skill_txt_radio,damage_formula,stat_roll,catalog_in_code,verify_formula,verify_range,verify_hit_volume,verify_wire_cast,verify_vfx_speed,verify_char_anim,verify_world_vfx,verify_qa_ingame,notes
42,Rageful Blow,DK,combat,0x11,melee,4,0,4,tap,tap,y,x,,,,,,,,
43,Death Stab,DK,combat,0x1E,chebyshev*,2,2,2,wiz,wiz,y,,,,,,,,,review geom
44,Crescent Moon Slash,DK,combat,0x1E,chebyshev*,4,4,0,phys,phys,y,,,,,,,,,review geom
48,Greater Life,DK,combat,0x1E,forward_arc,5,0,5,phys,phys,y,,,,,,,,,
49,Fire Breath,DK,combat,0x1E,forward_arc,3,3,0,phys,phys,y,,,,,,,,,
232,Frozen Stab,DK,combat,—,—,6,6,3,pend,pend,n,,,,,,,,,
322,Add DK Wing Defense,DK,master,—,—,0,0,0,—,n/a,n,,,,,,,,,
324,Add DK Wing Damage,DK,master,—,—,0,0,0,—,n/a,n,,,,,,,,,
326,Add Cyclone Improved,DK,master,—,—,2,2,0,—,n/a,n,,,,,,,,,
327,Add Slash Improved,DK,master,—,—,2,2,0,—,n/a,n,,,,,,,,,
328,Add Falling Slash Improved,DK,master,—,—,3,3,0,—,n/a,n,,,,,,,,,
329,Add Lunge Improved,DK,master,—,—,2,2,0,—,n/a,n,,,,,,,,,
330,Add Twisting Slash Improved,DK,master,—,—,3,0,3,—,n/a,n,,,,,,,,,
331,Add Rageful Blow Improved,DK,master,—,—,4,0,4,—,n/a,n,,,,,,,,,
332,Add Twisting Slash Enhanced,DK,master,—,—,3,0,3,—,n/a,n,,,,,,,,,
333,Add Rageful Blow Enhanced,DK,master,—,—,4,0,4,—,n/a,n,,,,,,,,,
335,Add Weapon Damage,DK,master,—,—,0,0,0,—,n/a,n,,,,,,,,,
336,Add Death Stab Improved,DK,master,—,—,2,2,2,—,n/a,n,,,,,,,,,
337,Add Frozen Stab Improved,DK,master,—,—,6,6,3,—,n/a,n,,,,,,,,,
339,Add Death Stab Enhanced,DK,master,—,—,2,2,2,—,n/a,n,,,,,,,,,
340,Add Frozen Stab Enhanced,DK,master,—,—,6,6,3,—,n/a,n,,,,,,,,,
342,Add Death Stab Mastered,DK,master,—,—,2,2,2,—,n/a,n,,,,,,,,,
343,Add Frozen Stab Mastered,DK,master,—,—,6,6,3,—,n/a,n,,,,,,,,,
345,Add Combo Damage,DK,master,—,—,0,0,0,—,n/a,n,,,,,,,,,
350,Add Mace Damage,DK,master,—,—,0,0,0,—,n/a,n,,,,,,,,,
351,Add Spear Damage,DK,master,—,—,0,0,0,—,n/a,n,,,,,,,,,
354,Add Mace Mastery,DK,master,—,—,0,0,0,—,n/a,n,,,,,,,,,
355,Add Spear Mastery,DK,master,—,—,0,0,0,—,n/a,n,,,,,,,,,
356,Add Greater Life Improved,DK,master,—,—,5,0,5,—,n/a,n,,,,,,,,,
360,Add Greater Life Enhanced,DK,master,—,—,5,0,5,—,n/a,n,,,,,,,,,
363,Add Greater Life Mastered,DK,master,—,—,5,0,5,—,n/a,n,,,,,,,,,
41,Twisting Slash,DK/MG,combat,0x11,melee,3,0,3,tap,tap,y,x,,,,,,,,
47,Impale,DK/MG,combat,0x1E,chebyshev*,6,0,6,phys,phys,y,,,,,,,,,review geom
344,Add Blood Storm,DK/MG,master,—,—,3,3,4,—,n/a,n,,,,,,,,,
346,Add Blood Storm Improved,DK/MG,master,—,—,3,3,4,—,n/a,n,,,,,,,,,
348,Add Two Hand Sword Damage,DK/MG,master,—,—,0,0,0,—,n/a,n,,,,,,,,,
349,Add One Hand Sword Damage,DK/MG,master,—,—,0,0,0,—,n/a,n,,,,,,,,,
352,Add Two Hand Sword Mastery,DK/MG,master,—,—,0,0,0,—,n/a,n,,,,,,,,,
353,Add One Hand Sword Mastery,DK/MG,master,—,—,0,0,0,—,n/a,n,,,,,,,,,
361,Add Min Physi Damage,DK/MG/DL,master,—,—,0,0,0,—,n/a,n,,,,,,,,,
364,Add Max Physi Damage,DK/MG/DL,master,—,—,0,0,0,—,n/a,n,,,,,,,,,
18,Defense,DK/MG/DL/SU,combat,0x1E,chebyshev*,6*,0,0,wiz,wiz,y,,,,,,,,,review geom
20,Lunge,DK/MG/DL/SU,combat,0x11,melee,2,2,0,tap,tap,y,x,,,,,,,,
21,Uppercut,DK/MG/DL/SU,combat,0x11,melee,2,2,0,tap,tap,y,x,,,,,,,,
22,Cyclone,DK/MG/DL/SU,combat,0x11,melee,2,2,0,tap,tap,y,x,,,,,,,,
23,Slash,DK/MG/DL/SU,combat,0x11,melee,2,2,0,tap,tap,y,x,,,,,,,,
19,Falling Slash,DK/MG/DL/SU/RF,combat,0x11,melee,3,3,0,tap,tap,y,x,,,,,,,,
60,Force,DL,combat,—,—,5,5,0,pend,pend,n,,,,,,,,,
61,Fire Burst,DL,combat,0x1E,chebyshev*,6*,6,3,wiz,wiz,y,,,,,,,,,review geom
62,Earthquake,DL,combat,0x1E,chebyshev*,6*,0,7,wiz,wiz,y,,,,,,,,,review geom
63,Summon Party,DL,combat,0x1E,chebyshev*,6*,0,0,wiz,wiz,y,,,,,,,,,review geom
64,Greater Critical Damage,DL,combat,0x1E,chebyshev*,6*,6,6,wiz,wiz,y,,,,,,,,,review geom
65,Electric Spark,DL,combat,0x1E,chebyshev*,6*,0,6,wiz,wiz,y,,,,,,,,,review geom
66,Force Wave,DL,combat,—,—,4,4,3,pend,pend,n,,,,,,,,,
72,Remove All Effect,DL,support,—,—,5,0,5,—,n/a,n,,,,,,,,,
74,Fire Blast,DL,combat,—,—,6,6,0,pend,pend,n,,,,,,,,,
75,Brand,DL,support,—,—,5,0,5,—,n/a,n,,,,,,,,,
78,Fire Scream,DL,combat,—,—,6,6,6,pend,pend,n,,,,,,,,,
79,Explosion,DL,support,—,—,0,0,0,—,n/a,n,,,,,,,,,
238,Birds,DL,combat,0x1E,forward_arc,3,7,6,wiz,wiz,y,,,,,,,,,
6,Teleport,DW,support,—,—,0,0,0,—,n/a,n,,,,,,,,,
15,Teleport Party,DW,combat,0x1E,chebyshev*,6*,0,0,wiz,wiz,y,,,,,,,,,review geom
16,Mana Shield,DW,combat,0x1E,chebyshev*,6*,6,0,wiz,wiz,y,,,,,,,,,review geom
38,Decay,DW,combat,0x19,targeted,8,4,5,wiz,wiz,y,,,,,,,,,
40,Nova,DW,combat,0x19,targeted,8,0,6,wiz,wiz,y,,,,,,,,,
233,Magic Circle,DW,support,—,—,0,0,0,—,n/a,n,,,,,,,,,
375,Add DW Wing Defense,DW,master,—,—,0,0,0,—,n/a,n,,,,,,,,,
377,Add DW Wing Damage,DW,master,—,—,0,0,0,—,n/a,n,,,,,,,,,
378,Add Flame Improved,DW,master,0x1E,forward_arc,6,0,6,—,n/a,y,,,,,,,,,
379,Add Lightning Improved,DW,master,—,—,6,6,0,—,n/a,n,,,,,,,,,
380,Add Magic Circle Improved,DW,master,—,—,0,0,0,—,n/a,n,,,,,,,,,
381,Add Inferno Improved,DW,master,—,—,6,0,6,—,n/a,n,,,,,,,,,
382,Add Blast Improved,DW,master,0xDB,burst,6,0,6,—,n/a,y,,,,,,,,,
383,Add Magic Circle Enhanced,DW,master,—,—,0,0,0,—,n/a,n,,,,,,,,,
384,Add Poison Improved,DW,master,—,—,6,6,0,—,n/a,n,,,,,,,,,
385,Add Evil Spirit Improved,DW,master,0x1E,chebyshev,6,0,6,—,n/a,y,,,,,,,,,
386,Add Magic Damage,DW,master,—,—,0,0,0,—,n/a,n,,,,,,,,,
387,Add Decay Improved,DW,master,—,—,6,6,4,—,n/a,n,,,,,,,,,
388,Add Hell Fire Improved,DW,master,—,—,6,0,6,—,n/a,n,,,,,,,,,
389,Add Ice Improved,DW,master,—,—,6,6,0,—,n/a,n,,,,,,,,,
390,Add Meteorite Improved,DW,master,—,—,6,6,0,—,n/a,n,,,,,,,,,
391,Add Ice Storm Improved,DW,master,—,—,6,6,4,—,n/a,n,,,,,,,,,
392,Add Ice Storm Proficiency,DW,master,—,—,6,0,6,—,n/a,n,,,,,,,,,
393,Add Ice Storm Enhanced,DW,master,—,—,6,6,4,—,n/a,n,,,,,,,,,
394,Add Meteorite Enhanced,DW,master,—,—,6,6,0,—,n/a,n,,,,,,,,,
399,Add Shield Defense,DW,master,—,—,0,0,0,—,n/a,n,,,,,,,,,
402,Add Shield Mastery,DW,master,—,—,0,0,0,—,n/a,n,,,,,,,,,
403,Add Mana Shield Improved,DW,master,—,—,6,6,0,—,n/a,n,,,,,,,,,
404,Add Mana Shield Enhanced,DW,master,—,—,6,6,0,—,n/a,n,,,,,,,,,
406,Add Mana Shield Mastered,DW,master,—,—,6,6,0,—,n/a,n,,,,,,,,,
300,Add Item Durability Rate,DW/DK/FE/MG/DL/SU,master,—,—,0,0,0,—,n/a,n,,,,,,,,,
301,Add Defense Success Rate PvP,DW/DK/FE/MG/DL/SU,master,—,—,0,0,0,—,n/a,n,,,,,,,,,
302,Add Max SD,DW/DK/FE/MG/DL/SU,master,—,—,0,0,0,—,n/a,n,,,,,,,,,
303,Add MP Recovery Rate,DW/DK/FE/MG/DL/SU,master,—,—,0,0,0,—,n/a,n,,,,,,,,,
304,Add Poison Resistance,DW/DK/FE/MG/DL/SU,master,—,—,0,0,0,—,n/a,n,,,,,,,,,
305,Add Item Durability Rate,DW/DK/FE/MG/DL/SU,master,—,—,0,0,0,—,n/a,n,,,,,,,,,
306,Add SD Recovery Rate,DW/DK/FE/MG/DL/SU,master,—,—,0,0,0,—,n/a,n,,,,,,,,,
307,Add HP Recovery Rate,DW/DK/FE/MG/DL/SU,master,—,—,0,0,0,—,n/a,n,,,,,,,,,
308,Add Lightning Resistance,DW/DK/FE/MG/DL/SU,master,—,—,0,0,0,—,n/a,n,,,,,,,,,
309,Add Defense,DW/DK/FE/MG/DL/SU,master,—,—,0,0,0,—,n/a,n,,,,,,,,,
310,Add BP Recovery Rate,DW/DK/FE/MG/DL/SU,master,—,—,0,0,0,—,n/a,n,,,,,,,,,
311,Add Ice Resistance,DW/DK/FE/MG/DL/SU,master,—,—,0,0,0,—,n/a,n,,,,,,,,,
312,Add Item Durability Rate,DW/DK/FE/MG/DL/SU,master,—,—,0,0,0,—,n/a,n,,,,,,,,,
313,Add Defense Success Rate,DW/DK/FE/MG/DL/SU,master,—,—,0,0,0,—,n/a,n,,,,,,,,,
315,Add Armor Set Bonus,DW/DK/FE/MG/DL/SU,master,—,—,0,0,0,—,n/a,n,,,,,,,,,
316,Add Reflect Damage,DW/DK/FE/MG/DL/SU,master,—,—,0,0,0,—,n/a,n,,,,,,,,,
317,Add Energy,DW/DK/FE/MG/DL/SU,master,—,—,0,0,0,—,n/a,n,,,,,,,,,
318,Add Vitality,DW/DK/FE/MG/DL/SU,master,—,—,0,0,0,—,n/a,n,,,,,,,,,
319,Add Agility,DW/DK/FE/MG/DL/SU,master,—,—,0,0,0,—,n/a,n,,,,,,,,,
320,Add Strength,DW/DK/FE/MG/DL/SU,master,—,—,0,0,0,—,n/a,n,,,,,,,,,
325,Add Attack Success Rate,DW/DK/FE/MG/DL/SU,master,—,—,0,0,0,—,n/a,n,,,,,,,,,
334,Add Max HP,DW/DK/FE/MG/DL/SU,master,—,—,0,0,0,—,n/a,n,,,,,,,,,
338,Add Max MP,DW/DK/FE/MG/DL/SU,master,—,—,0,0,0,—,n/a,n,,,,,,,,,
341,Add Max BP,DW/DK/FE/MG/DL/SU,master,—,—,0,0,0,—,n/a,n,,,,,,,,,
347,Add Attack Success Rate PvP,DW/DK/FE/MG/DL/SU,master,—,—,0,0,0,—,n/a,n,,,,,,,,,
357,Add MP Consumption Rate,DW/DK/FE/MG/DL/SU,master,—,—,0,0,0,—,n/a,n,,,,,,,,,
358,Add Hunt SD,DW/DK/FE/MG/DL/SU,master,—,—,0,0,0,—,n/a,n,,,,,,,,,
359,Add Hunt HP,DW/DK/FE/MG/DL/SU,master,—,—,0,0,0,—,n/a,n,,,,,,,,,
362,Add Hunt MP,DW/DK/FE/MG/DL/SU,master,—,—,0,0,0,—,n/a,n,,,,,,,,,
366,Add Critical Damage Rate,DW/DK/FE/MG/DL/SU,master,—,—,0,0,0,—,n/a,n,,,,,,,,,
367,Add Restore MP Rate,DW/DK/FE/MG/DL/SU,master,—,—,0,0,0,—,n/a,n,,,,,,,,,
368,Add Restore HP Rate,DW/DK/FE/MG/DL/SU,master,—,—,0,0,0,—,n/a,n,,,,,,,,,
369,Add Excellent Damage Rate,DW/DK/FE/MG/DL/SU,master,—,—,0,0,0,—,n/a,n,,,,,,,,,
370,Add Double Damage Rate,DW/DK/FE/MG/DL/SU,master,—,—,0,0,0,—,n/a,n,,,,,,,,,
371,Add Ignore Defense Rate,DW/DK/FE/MG/DL/SU,master,—,—,0,0,0,—,n/a,n,,,,,,,,,
372,Add Restore SD Rate,DW/DK/FE/MG/DL/SU,master,—,—,0,0,0,—,n/a,n,,,,,,,,,
67,Stern,DW/DK/FE/MG/DL/SU/RF,support,—,—,5,0,5,—,n/a,n,,,,,,,,,
68,Remove Stern,DW/DK/FE/MG/DL/SU/RF,support,—,—,5,0,5,—,n/a,n,,,,,,,,,
69,Greater Mana,DW/DK/FE/MG/DL/SU/RF,support,—,—,5,0,5,—,n/a,n,,,,,,,,,
70,Invisibility,DW/DK/FE/MG/DL/SU/RF,support,—,—,6,6,0,—,n/a,n,,,,,,,,,
71,Remove Invisibility,DW/DK/FE/MG/DL/SU/RF,support,—,—,5,0,5,—,n/a,n,,,,,,,,,
76,Plasma Storm,DW/DK/FE/MG/DL/SU/RF,combat,—,—,5,0,5,pend,pend,n,,,,,,,,,
210,Order of Protection,DW/DK/FE/MG/DL/SU/RF,support,—,—,0,0,0,—,n/a,n,,,,,,,,,
211,Order of Restraint,DW/DK/FE/MG/DL/SU/RF,support,—,—,3,3,0,—,n/a,n,,,,,,,,,
212,Order of Tracking,DW/DK/FE/MG/DL/SU/RF,support,—,—,0,0,0,—,n/a,n,,,,,,,,,
213,Order of Weaken,DW/DK/FE/MG/DL/SU/RF,support,—,—,3,3,0,—,n/a,n,,,,,,,,,
1,Poison,DW/MG,combat,0x19,targeted,8,6,0,wiz,wiz,y,,,,,,,,,
3,Lightning,DW/MG,combat,0x19,targeted,6,6,0,wiz,wiz,y,x,,,,,,,,
5,Flame,DW/MG,combat,0x19,targeted,6,6,6,wiz,wiz,y,x,,,,,,,,
8,Twister,DW/MG,combat,0x1E,corridor,6,6,6,wiz,wiz,y,x,x,x,x,x,x,x,x,mode=2 corridor Lốc corridor mode=2; user confirmed 2026-05-21
10,Hell Fire,DW/MG,combat,0x1E,forward_arc,5,6,6,wiz,wiz,y,,,,,,,,,
12,Aqua Beam,DW/MG,combat,0x19,targeted,7,6,6,wiz,wiz,y,x,,,,,,,,
13,Blast,DW/MG,combat,0x1E,forward_arc,5,3,6,wiz,wiz,y,,,,,,,,,
14,Inferno,DW/MG,combat,0x1E,chebyshev*,6*,0,6,wiz,wiz,y,,,,,,,,,review geom
17,Energy Ball,DW/MG,combat,0x1E,chebyshev*,6*,6,0,wiz,wiz,y,,,,,,,,,review geom
39,Ice Storm,DW/MG,combat,0x19,targeted,8,4,5,wiz,wiz,y,,,,,,,,,
397,Add One Hand Staff Damage,DW/MG,master,—,—,0,0,0,—,n/a,n,,,,,,,,,
398,Add Two Hand Staff Damage,DW/MG,master,—,—,0,0,0,—,n/a,n,,,,,,,,,
400,Add One Hand Staff Mastery,DW/MG,master,—,—,0,0,0,—,n/a,n,,,,,,,,,
401,Add Two Hand Staff Mastery,DW/MG,master,—,—,0,0,0,—,n/a,n,,,,,,,,,
405,Add Min Magic Damage,DW/MG,master,—,—,0,0,0,—,n/a,n,,,,,,,,,
407,Add Max Magic Damage,DW/MG,master,—,—,0,0,0,—,n/a,n,,,,,,,,,
495,Add Earth Prison,DW/MG,master,—,—,4,0,4,—,n/a,n,,,,,,,,,
497,Add Earth Prison Improved,DW/MG,master,—,—,4,0,4,—,n/a,n,,,,,,,,,
2,Meteorite,DW/MG/SU,combat,0x19,targeted,8,6,0,wiz,wiz,y,,,,,,,,,
4,Fire Ball,DW/MG/SU,combat,0x19,targeted,6,6,0,wiz,wiz,y,x,,,,,,,,
7,Ice,DW/MG/SU,combat,0x19,targeted,8,6,0,wiz,wiz,y,,,,,,,,,
9,Evil Spirit,DW/MG/SU,combat,0x1E,chebyshev,6,0,6,wiz,wiz,y,x,x,x,x,x,x,x,x,ref Evil Spirit Linh hồn ref; user confirmed 2026-05-21
11,Power Wave,DW/MG/SU,combat,—,—,6,6,0,pend,pend,n,,,,,,,,,
45,Mana Glaive,DW/SU,combat,0x1E,chebyshev*,6,6,0,wiz,wiz,y,,,,,,,,,review geom
24,Triple Shot,FE,support,—,—,3,0,3,—,n/a,n,,,,,,,,,
26,Heal,FE,support,—,—,6,6,0,—,n/a,n,,,,,,,,,
27,Greater Defense,FE,support,—,—,6,6,0,—,n/a,n,,,,,,,,,
28,Greater Damage,FE,support,—,—,6,6,0,—,n/a,n,,,,,,,,,
30,Summon Goblin,FE,support,—,—,0,0,0,—,n/a,n,,,,,,,,,
31,Summon Stone Golem,FE,support,—,—,0,0,0,—,n/a,n,,,,,,,,,
32,Summon Assassin,FE,support,—,—,0,0,0,—,n/a,n,,,,,,,,,
33,Summon Elite Yeti,FE,support,—,—,0,0,0,—,n/a,n,,,,,,,,,
34,Summon Dark Knight,FE,support,—,—,0,0,0,—,n/a,n,,,,,,,,,
35,Summon Bali,FE,support,—,—,0,0,0,—,n/a,n,,,,,,,,,
36,Summon Soldier,FE,support,—,—,0,0,0,—,n/a,n,,,,,,,,,
46,Starfall,FE,combat,0x1E,chebyshev*,8,8,0,wiz,wiz,y,,,,,,,,,review geom
51,Ice Arrow,FE,combat,0x1E,forward_arc,8,8,0,phys,phys,y,,,,,,,,,
52,Penetration,FE,combat,0x1E,forward_arc,6,6,6,phys,phys,y,,,,,,,,,
77,Infinity Arrow,FE,support,—,—,0,0,0,—,n/a,n,,,,,,,,,
234,Shield Recover,FE,support,—,—,6,6,0,—,n/a,n,,,,,,,,,
235,Five Shot,FE,combat,—,—,6,0,6,pend,pend,n,,,,,,,,,
410,Add FE Wing Defense,FE,master,—,—,0,0,0,—,n/a,n,,,,,,,,,
411,Add Five Shot Improved,FE,master,—,—,6,0,6,—,n/a,n,,,,,,,,,
412,Add FE Wing Damage,FE,master,—,—,0,0,0,—,n/a,n,,,,,,,,,
413,Add Heal Improved,FE,master,—,—,6,6,0,—,n/a,n,,,,,,,,,
414,Add Triple Shot Improved,FE,master,—,—,4,0,4,—,n/a,n,,,,,,,,,
415,Add Summon Life,FE,master,—,—,0,0,0,—,n/a,n,,,,,,,,,
416,Add Penetration Improved,FE,master,—,—,6,0,6,—,n/a,n,,,,,,,,,
417,Add Greater Defense Improved,FE,master,—,—,6,6,0,—,n/a,n,,,,,,,,,
418,Add Triple Shot Enhanced,FE,master,—,—,4,0,4,—,n/a,n,,,,,,,,,
419,Add Summon Defense,FE,master,—,—,0,0,0,—,n/a,n,,,,,,,,,
420,Add Greater Damage Improved,FE,master,—,—,6,6,0,—,n/a,n,,,,,,,,,
421,Add Weapon Damage,FE,master,—,—,0,0,0,—,n/a,n,,,,,,,,,
422,Add Greater Damage Enhanced,FE,master,—,—,6,6,0,—,n/a,n,,,,,,,,,
423,Add Greater Defense Enhanced,FE,master,—,—,6,6,0,—,n/a,n,,,,,,,,,
424,Add Ice Arrow Improved,FE,master,—,—,8,8,0,—,n/a,n,,,,,,,,,
425,Add Cure,FE,master,—,—,6,6,0,—,n/a,n,,,,,,,,,
426,Add Party Healing,FE,master,—,—,6,6,6,—,n/a,n,,,,,,,,,
427,Add Poison Arrow,FE,master,—,—,6,6,0,—,n/a,n,,,,,,,,,
428,Add Summon Damage,FE,master,—,—,0,0,0,—,n/a,n,,,,,,,,,
429,Add Party Healing Improved,FE,master,—,—,6,6,6,—,n/a,n,,,,,,,,,
430,Add Bless,FE,master,—,—,6,6,0,—,n/a,n,,,,,,,,,
431,Add Five Shot Enhanced,FE,master,—,—,6,0,6,—,n/a,n,,,,,,,,,
432,Add Summon Satyros,FE,master,—,—,0,0,0,—,n/a,n,,,,,,,,,
433,Add Bless Improved,FE,master,—,—,6,6,0,—,n/a,n,,,,,,,,,
434,Add Poison Arrow Improved,FE,master,—,—,6,6,0,—,n/a,n,,,,,,,,,
435,Add Bow Damage,FE,master,—,—,0,0,0,—,n/a,n,,,,,,,,,
436,Add Cross Bow Damage,FE,master,—,—,0,0,0,—,n/a,n,,,,,,,,,
437,Add Shield Defense,FE,master,—,—,0,0,0,—,n/a,n,,,,,,,,,
438,Add Bow Mastery,FE,master,—,—,0,0,0,—,n/a,n,,,,,,,,,
439,Add Cross Bow Mastery,FE,master,—,—,0,0,0,—,n/a,n,,,,,,,,,
440,Add Shield Mastery,FE,master,—,—,0,0,0,—,n/a,n,,,,,,,,,
441,Add Infinity Arrow Improved,FE,master,—,—,0,0,0,—,n/a,n,,,,,,,,,
442,Add Min Physi Damage,FE,master,—,—,0,0,0,—,n/a,n,,,,,,,,,
443,Add Max Physi Damage,FE,master,—,—,0,0,0,—,n/a,n,,,,,,,,,
55,Fire Slash,MG,combat,0x1E,forward_arc,2,2,5,phys,phys,y,x,x,x,x,x,p,p,x,Chém lửa phys+skill; user confirmed 2026-05-21
56,Power Slash,MG,combat,0x1E,forward_arc,2,0,5,phys,phys,y,x,,,,,,,,phys+skill Power Slash
57,Spiral Slash,MG,combat,0x11,melee,4,4,0,tap,tap,y,,,,,,,,,
73,Mana Rays,MG,combat,—,—,6,6,0,pend,pend,n,,,,,,,,,
236,Sword Slash,MG,combat,0x1E,forward_arc,2,0,5,phys,phys,y,x,,,,,,,,phys+skill Flame Strike
237,Lightning Storm,MG,combat,0x1E,chebyshev,6,0,6,wiz,wiz,y,x,x,x,x,x,x,x,x,Bão điện chebyshev r6 mode=0; channel; user confirmed 2026-05-21
476,Add MG Wing Defense,MG,master,—,—,0,0,0,—,n/a,n,,,,,,,,,
478,Add MG Wing Damage,MG,master,—,—,0,0,0,—,n/a,n,,,,,,,,,
479,Add Cyclone Improved,MG,master,—,—,2,2,0,—,n/a,n,,,,,,,,,
480,Add Lightning Improved,MG,master,—,—,6,6,0,—,n/a,n,,,,,,,,,
481,Add Twisting Slash Improved,MG,master,—,—,3,0,3,—,n/a,n,,,,,,,,,
482,Add Power Slash Improved,MG,master,0x1E,forward_arc,2,0,5,—,n/a,y,,,,,,,,,
483,Add Flame Improved,MG,master,0x1E,forward_arc,6,0,6,—,n/a,y,,,,,,,,,
484,Add Blast Improved,MG,master,—,—,6,0,6,—,n/a,n,,,,,,,,,
485,Add Weapon Damage,MG,master,—,—,0,0,0,—,n/a,n,,,,,,,,,
486,Add Inferno Improved,MG,master,—,—,6,0,6,—,n/a,n,,,,,,,,,
487,Add Evil Spirit Improved,MG,master,0x1E,chebyshev,6,0,6,—,n/a,y,,,,,,,,,
488,Add Magic Damage,MG,master,—,—,0,0,0,—,n/a,n,,,,,,,,,
489,Add Ice Improved,MG,master,—,—,6,6,0,—,n/a,n,,,,,,,,,
490,Add Fire Slash Improved,MG,master,0x1E,forward_arc,2,2,6,—,n/a,y,,,,,,,,,
491,Add Ice Enhanced,MG,master,—,—,6,6,0,—,n/a,n,,,,,,,,,
492,Add Sword Slash Improved,MG,master,—,—,5,0,5,—,n/a,n,,,,,,,,,
493,Add Fire Slash Enhanced,MG,master,0x1E,forward_arc,2,2,6,—,n/a,y,,,,,,,,,
494,Add Sword Slash Enhanced,MG,master,—,—,5,0,5,—,n/a,n,,,,,,,,,
496,Add Lightning Storm Improved,MG,master,—,—,6,0,6,—,n/a,n,,,,,,,,,
260,Large Ring Blower,RF,support,—,—,2,2,0,—,n/a,n,,,,,,,,,
261,Upper Beast,RF,support,—,—,2,2,0,—,n/a,n,,,,,,,,,
262,Chain Driver,RF,support,—,—,5,5,4,—,n/a,n,,,,,,,,,
263,Dark Side,RF,support,—,—,5,5,6,—,n/a,n,,,,,,,,,
264,Dragon Lore,RF,support,—,—,3,3,5,—,n/a,n,,,,,,,,,
265,Dragon Slayer,RF,support,—,—,4,4,0,—,n/a,n,,,,,,,,,
266,Greater Ignore Damage Rate,RF,support,—,—,0,0,0,—,n/a,n,,,,,,,,,
267,Fitness,RF,support,—,—,5,0,5,—,n/a,n,,,,,,,,,
268,Greater Defense Success Rate,RF,support,—,—,5,0,5,—,n/a,n,,,,,,,,,
269,Charge,RF,combat,—,—,4,4,0,pend,pend,n,,,,,,,,,
270,Phoenix Shot,RF,support,—,—,4,4,3,—,n/a,n,,,,,,,,,
214,Drain Life,SU,combat,—,—,6,6,0,pend,pend,n,,,,,,,,,
215,Chain Lightning,SU,combat,—,—,6,6,3,pend,pend,n,,,,,,,,,
216,Electric Surge,SU,combat,—,—,6,6,0,pend,pend,n,,,,,,,,,
217,Damage Reflect,SU,support,—,—,6,6,0,—,n/a,n,,,,,,,,,
218,Sword Power,SU,support,—,—,0,0,0,—,n/a,n,,,,,,,,,
219,Sleep,SU,support,—,—,6,6,0,—,n/a,n,,,,,,,,,
221,Lesser Damage,SU,support,—,—,5,0,5,—,n/a,n,,,,,,,,,
222,Lesser Defense,SU,support,—,—,5,0,5,—,n/a,n,,,,,,,,,
223,Sahamutt,SU,combat,—,—,6,6,3,pend,pend,n,,,,,,,,,
224,Neil,SU,combat,—,—,6,6,4,pend,pend,n,,,,,,,,,
225,Ghost Phantom,SU,combat,—,—,6,6,5,pend,pend,n,,,,,,,,,
230,Red Storm,SU,combat,—,—,5,0,5,pend,pend,n,,,,,,,,,
446,Add SU Wing Defense,SU,master,—,—,0,0,0,—,n/a,n,,,,,,,,,
447,Add SU Wing Damage,SU,master,—,—,0,0,0,—,n/a,n,,,,,,,,,
448,Add Sahamutt Improved,SU,master,—,—,0,0,0,—,n/a,n,,,,,,,,,
449,Add Neil Improved,SU,master,—,—,0,0,0,—,n/a,n,,,,,,,,,
450,Add Ghost Phantom Improved,SU,master,—,—,0,0,0,—,n/a,n,,,,,,,,,
451,Add Sahamutt Enhanced,SU,master,—,—,0,0,0,—,n/a,n,,,,,,,,,
452,Add Neil Enhanced,SU,master,—,—,0,0,0,—,n/a,n,,,,,,,,,
453,Add Ghost Phantom Enhanced,SU,master,—,—,0,0,0,—,n/a,n,,,,,,,,,
454,Add Sleep Improved,SU,master,—,—,6,6,0,—,n/a,n,,,,,,,,,
455,Add Chain Lightning Improved,SU,master,—,—,6,6,3,—,n/a,n,,,,,,,,,
456,Add Red Storm Improved,SU,master,—,—,5,0,5,—,n/a,n,,,,,,,,,
457,Add Magic Damage,SU,master,—,—,0,0,0,—,n/a,n,,,,,,,,,
458,Add Drain Life Improved,SU,master,—,—,6,6,0,—,n/a,n,,,,,,,,,
459,Add Lesser Damage Improved,SU,master,—,—,5,0,5,—,n/a,n,,,,,,,,,
460,Add Lesser Defense Improved,SU,master,—,—,5,0,5,—,n/a,n,,,,,,,,,
461,Add Blind,SU,master,—,—,3,3,0,—,n/a,n,,,,,,,,,
462,Add Drain Life Enhanced,SU,master,—,—,6,6,0,—,n/a,n,,,,,,,,,
463,Add Blind Improved,SU,master,—,—,3,3,0,—,n/a,n,,,,,,,,,
465,Add Stick Damage,SU,master,—,—,0,0,0,—,n/a,n,,,,,,,,,
466,Add Book Damage,SU,master,—,—,0,0,0,—,n/a,n,,,,,,,,,
467,Add Stick Mastery,SU,master,—,—,0,0,0,—,n/a,n,,,,,,,,,
468,Add Book Mastery,SU,master,—,—,0,0,0,—,n/a,n,,,,,,,,,
469,Add Sword Power Improved,SU,master,—,—,0,0,0,—,n/a,n,,,,,,,,,
470,Add Sword Power Enhanced,SU,master,—,—,0,0,0,—,n/a,n,,,,,,,,,
471,Add Min Magic Damage,SU,master,—,—,0,0,0,—,n/a,n,,,,,,,,,
472,Add Sword Power Mastered,SU,master,—,—,5,5,0,—,n/a,n,,,,,,,,,
473,Add Max Magic Damage,SU,master,—,—,0,0,0,—,n/a,n,,,,,,,,,
